0,1,2,3,4,5,6,7,8,9,10,11,target
1.1627222610130832,-0.9296218307353386,3.21234102313798,2.2486468874989076,0.1171053482205544,0.16422074535397743,0.9665711454052967,-0.5961279153385245,-1.4845668040822608,-0.45316118601502947,0.2226417721453874,0.49702294833727545,0
3.2178304747881246,-1.451020835421624,-0.48153237757833706,-0.8498142126688872,-0.13877961878373965,-0.6313401064508681,0.4036765439740358,1.0585913488578382,0.41935349765423785,1.4757821479652293,-1.0328285146708667,-0.9424724917673598,2
3.1436037602632774,0.6365687653737875,-0.36430077211154144,-0.607484974046607,0.04583226609888404,-1.0039309060654493,0.681504688702312,0.18565038389216612,0.05785252500945365,0.4707043793707278,0.34028135915577945,0.8951757011359619,1
-0.46490808583653925,1.4097060519718916,0.39532262928992046,2.7972580189169154,0.8746593636506306,-0.16074203903835732,-0.6445823043283972,-2.1590044412550036,0.877932749117737,0.24384803118606158,-1.5451827548272614,0.17008456506105118,0
-2.2686626000260866,-0.388682966921132,-0.06895600419729868,1.170135043454529,0.8391755628551272,-0.14187196898615517,0.7290380327396759,0.03300827338647159,1.067675452512728,0.5534526547183213,0.9120983312876889,-0.28102307796913034,0
-2.200816636171766,0.3265473398795597,0.46450721101212644,0.05190706403284283,-0.44907077058227485,-0.7428581211667887,-0.5146248711738953,-0.07450981843795138,-0.5280836639399826,0.5422453138165412,-0.6725033196851066,0.7902182161845848,0
1.9674235464534016,-1.750749594920766,-0.8555829197111529,1.940386925731707,0.1122777634677354,-0.9755276077653469,0.6702437952740742,-1.393552834857982,1.7396738305719746,-0.07856615892338317,-0.5367309077474287,0.652283509766644,3
-0.7079701945083144,-0.917877411405036,-2.4746591338901207,-0.8856150994123886,0.3751553995688555,1.3178472277071418,-1.1825796425421082,-0.6373823470068165,-0.650351284043852,0.7400873155788226,-0.2996673029029877,0.7918562974194313,0
1.3971035382218115,0.01791964244792955,0.18704757755944149,-0.3135899097860409,0.490786829240154,-1.1611792370241818,0.1775911398388033,0.14282581837231356,0.13615957232170042,-1.3655466177792028,-0.045485606581364954,0.5154321991164542,2
2.715818465933682,0.9720334785409276,1.7525594208006965,1.2929464691841779,1.0157297057845538,2.0238943583947813,1.0925001154779197,-0.7371063848900941,0.22008555534141153,-0.4019416312495591,-0.14184754542488015,1.069372197839405,1
0.022385407664617503,1.1221511378169058,0.27097969063863914,0.3120879431467766,-0.7966583204536735,0.1153090426805501,-0.6181890427833149,0.82653393726945,0.29350990494367984,-1.4152210586098573,-0.42364264749441316,0.25429637614188005,0
-0.6744647812002382,-1.8973202884925096,-0.4481863464757974,1.688990310867529,0.7753650570112651,-0.34741654792412685,0.19334907671294427,-0.05972958059605224,-0.3890350737495324,0.010941342333166364,0.3362596304845229,-0.15362105212344868,0
1.4530742554676614,-0.09747839644159863,1.470181911569989,-0.8437523463507286,0.5504010312755441,1.439573536774922,1.2552549080500064,-0.41085852295835507,-1.0002142836750065,0.37677093218227525,0.4634991982640203,0.15297620957202493,2
-2.009169404911035,1.1849452462379828,0.7718228394949553,-0.5467842981479756,0.3848988969543009,-0.4773160555905829,-1.3585839251522467,-0.4921021142347691,-0.7437380701114006,-0.3473035799623308,0.7869821718177693,-0.19599079126065713,0
-0.4929211742811803,-0.10453232139114126,3.0451656415503563,-0.49037351522279254,-0.7423543472594245,1.9114647393869497,-1.0832157561839773,0.6275282767649617,0.585348386138471,-0.9761710465212428,-0.07228836354244131,-0.36637007210118305,0
-1.3662826805346686,0.4148581871915102,0.9252967395438296,0.55418944006678,-0.8441124132674699,-0.16292783531952948,-0.7049648687664475,1.1005206120039457,1.1333341587266583,0.26866314628588983,-1.1995639742157607,0.716361061512709,0
-0.45739037525777493,1.8270763165417383,0.7348025923916353,1.695042572133012,0.012210648249145193,-0.737215292111686,-0.46960742324991667,-1.3380406872210133,-1.0414310844928358,-0.7708687629587393,0.694804236010854,0.5094494241280384,1
-1.031573897154493,0.32617020095248445,-0.17790884414654784,-0.25713638349975865,-0.3666560498622413,0.09892530104365672,-0.7755116159252767,0.45849407854435914,0.6224316050496419,-0.3254554491238364,-1.645688841837484,0.11040720173351551,0
-1.7745952436860362,-0.6174929954125075,-1.3486613062695048,0.15691819882190725,-0.629899000313012,0.5308033010904739,-0.5341086472785743,-0.03459137007678084,-0.15683466373883834,-0.1775960348180244,0.11784471066203497,-1.0042662260688553,0
-2.225026806934401,0.18550893700507776,0.45611597809059024,0.054378959360708176,0.017585045002047526,-0.4291465636716388,-0.8976378380563018,-0.14658563181680584,-0.5032610516724028,0.5602967454493398,-0.7369832772392261,-0.1443425214901831,0
0.12822153924694069,0.3882655939020289,0.2561038342113995,1.3190066031474055,0.32544978698840926,-0.8991830552436036,1.3758407693009043,0.7356743914987799,-1.892803516617255,1.9123910912863271,0.2092538870558193,1.2159728946683488,0
-1.436909954400664,-2.974623137689204,1.7688828616092205,0.6119654511291022,0.16605688477687156,1.0902120773754267,0.6559968529424117,-0.2661262141409276,-0.7261930337208952,0.4805086880905557,0.6027709675800721,-0.12912085569104362,0
-0.5255183660026259,-0.4949385153459381,0.2735067356813643,1.1089037914399007,1.0074316357434805,-1.3057960959836976,0.602616113377315,-0.3650559827666722,-1.0747913853545403,0.17504166703275575,-0.7800025198057021,0.5007247186515419,1
0.8336592351230969,0.049489940017929286,1.1930993666418237,-0.5431481867810446,0.4744295096151833,-1.9984546635974352,-0.17612859447117618,-0.4441715345099302,1.434431363419405,0.19074092845034635,0.306907960817628,0.7183292159782003,3
2.855558831780689,0.9249962306139359,-0.03687801831626336,-0.4130628169817586,0.23752356160421953,-0.6691467653549443,0.6012010975253106,0.4066124786630706,0.6615337994543963,0.5517556137282046,0.4711530371825841,0.41436935196684865,4
-1.1728511127275798,0.14485360702746325,-1.0438002523650962,1.663553021451616,-0.8288960645965188,0.22265500130777327,0.06185688259889202,-0.7768792773181694,0.4087117240231489,-0.15236098911776894,0.0719924181879277,0.24392318316582362,0
-2.0681538862886293,-1.494371179192679,-1.5070460998069335,-0.4397297746898186,-0.1619000178468345,0.15183914447451002,-1.0729965260229524,-0.8289707945498321,-0.6924779821812838,-0.2486296302169115,-0.10770712733196339,0.5024359439277897,0
0.7035178836637932,-1.3330110210359234,-0.00788266828718041,3.825155758930456,-1.8772425428872332,-0.44141459571685276,-0.30065959113822177,0.36386518497910997,-1.1238169068639496,0.3760615344817528,0.1546700573982707,-0.3946916302700522,0
-1.3571322780913821,0.5466183996491079,0.1133667054837406,0.023780919167368655,0.34736243142235235,0.4440048888490526,-1.1920441565368236,0.0761721036374448,1.3174479843051319,-0.10606493423987481,-1.6822141252512017,-0.46699748632562893,0
1.4751463468174366,2.9641208557144365,-0.6369659540580497,0.49222786277096564,0.9701334555619493,0.43114999283459615,1.3961880137558769,0.5178304131842865,-0.012267714035738732,-0.11521072925812575,0.7270883896258427,-0.6006117441321376,3
-0.6704827704223993,-2.082882101431359,0.2243508607470681,0.56397857108313,-2.175013898119578,-1.4410023303005808,-0.6656914320630503,-0.00492033940651054,0.09008495517760712,1.5954399515162576,0.6989535173758961,0.2066209269374486,0
1.3059246395138382,0.7559910880937404,1.1466755113063822,-2.4024991670098266,-1.1576766427895289,1.2900372235653441,0.12358085751952017,-1.2422739181253108,0.10171591987479928,0.6405468469804197,0.2594724130354496,1.074757096470293,2
-1.219494506985092,-1.1618146599817094,-0.23397709051243867,-0.8234416268899271,-0.1575798968432863,-0.30870090763571717,-1.4517789512826007,0.37202387907402995,-1.1541297810019389,-0.22729496414589132,-1.4880681434933598,0.1744996481806912,1
0.10372267088471945,0.9001483710826995,0.24781228790224707,-0.0012340317933246198,-0.350414313587678,-0.06397152857315012,-1.1263565021142359,0.22806836872481265,-0.011298261016904012,-1.6171287111047858,-0.26420665592791054,0.7303835349985446,0
-1.638418749850343,1.2705281697702848,-0.15862024282636622,-0.4733279373878834,0.5574206212497007,0.9601350703603978,-0.7543464846861622,0.2786764026714934,0.1511532333382593,1.5466419703107641,-0.5438048603164388,0.42322340002093395,0
-2.1532413550957763,0.8942721221539331,0.022119103379728628,-0.5260707500901277,0.22616737714263488,0.553523225783979,-0.7503572515649656,0.2519835893532738,1.144712189662134,-0.3200794377818077,-1.210655190707018,-0.27446918773329354,0
1.7512172735293638,2.5393470353273946,-0.4002548830526711,0.6865586347936994,1.0651208512602082,0.41422903289128965,0.9849077408142157,0.5913502274571513,0.207174267239178,-0.03429106700169133,0.48144570028168343,-0.36267019509475434,3
2.2891299585528033,0.016002290941754198,-0.4229579384389766,-0.5501157199291953,0.8951133135081337,0.3197688379449256,-0.003910226599870407,1.3260113990208027,-0.4283725281234818,0.05483140641020859,-0.018043814595125333,-0.8701261328145586,1
1.9321993594374596,0.5139794951558941,-0.926070691262375,-0.8604374942615396,0.5104813519254473,0.38364392432706007,-1.7228770557737079,-0.6805326867998729,-1.1208410511773235,0.12186684551936494,-0.2630272199104428,-0.36534476460235354,3
0.8330110451037516,-0.3302506176656659,1.2751583954601473,0.24780411481339143,-0.9138632573230303,2.429454709966199,0.17597666016852914,0.2587501032916985,-1.1282336411639777,0.8339774750980915,-1.210160556377089,0.23107714387625977,0
2.442225731100202,-1.5181177348294543,-0.4539668828572414,-0.3836569699454808,-1.0971056141373905,-1.0933041709096711,0.48241401414354884,0.5316957367465992,1.443676035667937,-0.8867640765336345,1.4782421683185425,-0.9009496618294425,4
-1.2526568776646347,1.8410779792499679,1.5865060924993182,0.5030548997817634,0.6432858708502552,0.35515294912706935,-1.6672072739136192,0.35694149759387583,-0.14025214194693042,1.8444978176509,1.353333268542709,0.09891563443255173,0
-0.6770398791472275,-3.081258926514567,-0.018887706671594406,-0.36689033951203004,-1.5242057003020746,-0.7720491710097037,-1.5732053346983246,0.2982597113038181,0.3057319306341901,0.9227873724219798,0.21422265923560305,0.10934012624842038,0
-0.7070121798839687,-0.5627515685491952,2.026863278832922,-0.091166298603706,-1.2907427479605549,1.4220406219438047,0.07488550976931345,0.04830795394942226,0.08712017680597017,-0.07290097469528603,-1.5210920373464896,0.2324530251118183,0
-1.2453502473601363,-2.145567077137974,-1.5701306265744501,-0.7365624739024462,1.0088193647490455,0.10481356727201983,0.008670458386278364,0.0895688388761776,0.08146811425123773,-0.8872324845024632,-0.2366177613198532,0.6438833562098137,1
0.798789962414812,0.7076168655345886,0.5855123902050411,0.3620501697082652,0.6435442146720334,-1.7156010064565945,0.5020882941234704,-0.7958260472455514,0.14043156238394855,-0.6218946568622453,0.3864784508630346,1.0304760420275618,4
-1.394513988543641,1.5432270215398698,-0.46991498908666257,-0.07606773306782126,-1.4342427895191319,-0.39151448394835014,0.7637306489551341,0.7107749018385034,-0.5365777112020687,-0.07762317022808549,-0.6687177733504918,-0.6374735861023406,0
1.5595093284668518,0.5527827457053558,0.4029287313441689,0.954360296172155,1.0988790062068219,-0.3442824264285623,-0.2233623416516149,0.5646313499882105,0.528311068970317,-1.4319727578606598,-0.4269710329055561,-0.8048707025162251,4
-0.13219222099740063,-4.084839256385791,0.1409857166744831,-1.2708589415082638,0.6168464496498632,0.9451924229365358,0.16275207784047235,-1.566923900226129,-0.9876492633063813,-0.27697279962375887,-0.429832465267847,-0.10964992030118095,0
0.2893134712513439,-0.01688333176698951,1.8091469440722048,1.530573572188498,0.11182634575167193,1.0531849773386062,2.343861556388135,-0.7195721398891551,-0.3547960584163298,-0.7978071548647455,-0.8882499495255933,0.23650832829131285,0
-2.8994002431747936,0.5071601376337407,-0.705676642430728,0.0952550199309041,-1.0067435020613928,-0.26820943867864216,0.4444788441059258,-0.9281888905053868,0.5301691994222192,0.8027542010165677,1.256377003550007,-0.3933751063683418,0
-0.1994775305488555,1.3334638822311928,-0.03858013113750386,-0.9405251924336935,-1.451162871293205,-0.40212957046982045,-0.34987232357113585,1.1712499224897002,-0.21104870730482886,-1.5040157089830464,0.01957822175955711,0.8439544486727921,0
-1.1834192226249636,0.20087458927924234,-0.8410826423125622,-1.5210031554224044,1.2058775684263248,-0.6872116343960024,0.9529214180340854,-0.4667072726536425,0.19845369737011967,-0.2910297396296664,-0.7766809543029466,-0.8246783883788925,2
-2.659569011348258,0.2098492751732679,0.9699880705874657,-0.006764042546105884,1.3767199570262958,-0.6134028754591183,0.5132394086182934,0.45508058618916397,0.345414768147807,0.4455747452354824,-0.06271746590189428,0.11498182552233682,0
1.1842174356488562,1.028354483322905,-0.4119894553289356,-1.437792644307397,-0.3745444999702165,0.2076994693987726,-1.2673976518486165,0.41564734668453246,-0.11218626189862249,0.45536311772281474,0.03950110180356499,0.5798418884881271,1
2.708730064791713,1.0271582018413496,-0.7502024909222976,-0.2549221576417042,0.8841314887709114,-0.19438767835150908,0.4344215628406179,0.24462667364751875,-0.5667829876694959,0.08995347904341361,0.23111172842081223,-0.5368108184041103,1
-0.10476182961509936,0.8986594336731119,0.8957738002219279,0.11422703462786979,-0.2660112390406609,-0.49315225427463405,-1.2163633487660577,-0.30340156709622956,0.3666403989785181,-0.6562818546677605,0.3291092578103344,-0.21420365661385307,1
-1.2059503935720306,2.1047631458933718,0.10836655705654068,-0.9842787670910311,0.9819706199713804,-0.3092264137938502,0.9850562027496343,0.4964524166966114,0.722231094298113,-1.4124108344777953,0.7911517859887633,-0.11430973759357498,1
0.26866885742273483,-0.25914943403533425,-0.035252931659996475,0.98043173410859,0.8099131680877539,-1.0231258228251816,1.092223541550717,-0.5748250343153763,-0.4401246738752161,-0.36156737202351874,-0.6913720696873004,-0.16761636052028536,0
-0.198991547667766,0.36956483174771143,0.4131998230612781,0.1348443092624033,0.33928787254992565,-0.7803085731338648,1.0968079798196113,1.0852529188651772,-1.003400334617821,2.5774335399217247,0.5038797953029637,-0.7875412993440597,0
0.9624754942508417,0.328417545525004,-1.7299176943943662,0.3167766618342378,0.3273290538335475,1.4579949691969487,-1.4504143669700185,-0.562793103857957,-0.4079434538936559,-0.253107275310389,0.982779395469044,0.11376990416888515,2
0.3197878744171534,0.2378715012261694,-0.6361297448146155,2.622406999259703,0.9492690941232991,1.2276542870895029,1.1156374191544944,0.4511019891615264,0.9862145358651427,0.8790344625866343,0.7959460360443364,0.43401926571191174,0
3.068506624764574,0.7990987847909504,-0.0523652208724949,-0.9383370253590698,0.09059277336420088,-1.0263760632513113,0.6975874460142877,-0.050560966466313605,0.9591731392745874,0.9008570974363727,0.6827339193154354,0.006050730441608252,1
-1.8545226698415147,-1.8675239025384067,0.4037713819959835,-0.5764407370234427,-0.7074580643362529,2.1073700683473366,-0.19619267261231146,-1.2508899877396564,-0.3848895931368975,-0.40744414943546814,-0.17746364427644043,0.07351375911279306,0
1.1783402605322304,1.8187796506136011,-0.22485443613667666,0.06666119258249634,-1.4490664506548463,-0.6344064216135878,0.06307160296715122,0.07677659555988786,0.024541665671967704,-1.2156024243924854,0.04282973712236911,-0.6982614337460733,2
3.0973374942930194,-0.04121782698818648,0.047804028380646235,-0.4369093086692713,1.0349010765976132,-0.565849768234932,-0.4510699292294525,-0.033131048797880855,0.5906229225995571,0.6372543864591699,0.004372112792608481,0.25952068701633535,2
0.3459228050043238,0.04731808140819156,0.6730688070341114,1.7648129768280725,0.28539275921356216,-0.9214274072187819,0.8675765336751482,0.7396007836486111,0.6602861388030555,-0.04688951233960646,-1.213871756366801,0.7589635504435509,1
-0.17934390937364483,0.050880781755940636,1.209999747710471,-0.06322553735391934,1.1851351756060489,-0.6427187169761207,-0.6802038472533076,0.9843545070485555,0.6094149937208176,-0.7769680645466001,0.17655905782336329,0.211385451190227,0
3.5357752048465,-0.4017190060287052,0.20279611951472412,1.6523119650125637,2.1450782043873486,0.5304230065104136,-1.3963474500117559,0.3531007394301467,-0.14401014213801575,-0.2529795445749234,-0.8114395124235294,0.2301313322772988,2
0.11648700841849748,0.6789840287383968,0.4598425857279518,2.1297801795194755,-0.13574059803403282,-0.15469272750134755,-0.8465539360304407,-0.33517954367449404,0.7300936256971128,0.32246908222329085,-1.739884712394145,-0.672297462999028,1
-0.9578093808570994,-1.878039684271448,-0.7063106462348903,0.4376332184338137,-1.118870178985617,0.36705573832864336,-1.2387036768893762,0.9476340853941034,0.13978865003465712,-0.19079565976924015,-0.36017765918180084,0.09715835471837989,0
1.0484330411405527,-0.32767040329404323,1.6085686182558443,-1.6972026366450006,-1.588223952402262,0.48973124401243123,0.11143280572878586,-1.5023078384203912,-0.18310928405894236,-1.2639481302380506,-0.08668466331622052,0.9326010052489307,3
2.98704332265559,1.1058704107471693,-1.0206825559270727,-0.87185289176442,-1.1853958660685093,-0.3789139743765666,-0.4360925711522196,-0.1532259537319228,-0.8845393667000767,0.4227260900406032,0.09611345067141305,-0.5129096225486668,1
0.3749674665529375,-0.0983545643035212,-0.1617691436492553,-2.092329798129816,-0.012387995757176378,-1.7747988688882328,0.7395729994115989,-0.09602063556011457,0.36628291963465276,-0.6558488863858307,0.14316915524554097,0.8320012657636475,1
-1.7752510654159994,0.9843955553796229,-0.22607965466325358,-1.2152728801448287,0.7987174688549901,-0.677939447251463,1.4734259973996895,-0.08356361550572172,1.2753208277733263,-0.16029903473685056,-0.4172406908237237,0.18136793715021207,1
-0.49928163439392687,-3.304216953516985,-0.8217577524593436,0.06270556081943954,0.9511372550427986,-0.012877038807446508,-0.895142128109001,0.7757417981591657,-0.26680281841040365,-0.3747703648408113,-0.408342007027472,-0.16629673106631396,0
2.5544192383197752,0.7620501418742136,-0.3462692295365385,-0.12281794202918549,1.0200415918214065,-0.41275408987186535,0.12769013911906818,-0.01944683697430554,-0.04785120339256096,0.2437034148835045,0.07028579729819792,0.831949384047111,1
-0.5014721851644753,-1.8992618225952282,-0.9754962803840617,0.06846582360006377,0.658675397321336,-0.41289844511687046,0.12327243459724303,-0.18377323843795687,0.5608320715923891,0.22765935065780565,0.11202056190972423,-1.0381841560389105,0
-1.7063051666053337,-0.038247324440904215,0.7956437799999834,0.8754711920803633,1.3801860080128887,-0.7021674679837936,0.5853511954923977,0.033423138880813254,-0.2465809472988443,0.1288053103519267,-0.26495074797622836,0.20131698841330664,0
1.6695420051425973,0.2105602726708511,-0.37503299858149963,-1.079718246387528,1.0667865362906277,0.5990370269831551,-0.46028467139029117,2.06919226942417,-0.6557961890198085,-0.24599700931751847,0.11504971552924212,-0.6412283719949906,3
0.698559540077432,1.933867027689635,-1.0597123938309168,0.8631047741863799,1.3037204980072175,0.18921734060813886,1.6046876540599049,-0.3937550629001754,0.2435411915999744,0.9437697457605929,-0.8881111229927555,0.6097652920312084,0
-0.45959101734098134,-1.0106440904078877,-1.5150419543766807,0.7451918715941175,0.5691419100430993,0.3207887859906285,0.9282773982757392,0.1668630390650476,0.33391404467936103,-1.0586625920338772,-0.013972830404374997,-0.2540905662729543,0
-2.1445667642392676,-0.47393861529825476,0.2302547525675673,-0.5882380020663222,2.38602545546046,-0.11474921498304493,-0.3761770953770664,-0.18590030376853472,0.2506753830851523,-0.017970851483387156,-0.8270421518926632,-0.7622196254928139,0
2.392505118740749,-1.5349192609518354,2.555981351937609,0.1248299182834324,0.90128453197875,2.027035492735214,-0.538509353619606,1.0738656854589057,-0.6265041898250692,-0.08062108136746055,-0.1677521764985172,0.73404945152501,3
-2.2742409765417917,-0.2619960103504329,-0.009904472711732486,-0.45613342003927776,0.30035422230474973,-0.6021109300441335,-1.0770164784146725,-0.6772170150623897,-1.3222568783766042,0.42053361663528505,-0.828922602766795,-0.001238592449657577,0
-2.1032216065089875,0.027990794531597158,0.5878705696777212,-0.3022778199477172,1.4950724494460093,-0.19537212335488757,0.2786933414600011,0.6797060996031558,0.754080310683704,-0.03568794299322346,-0.5720815662591465,-0.19823070541348856,0
-1.578922875938043,-0.20635533092212763,0.20446787000829938,-0.40226647000140686,1.2157442354959658,-0.2967560771993856,0.3821707648986686,0.8510789647875424,0.07183919201654143,-0.16891192405630992,-0.6780183676430285,-0.7086528641997393,0
-1.0956916367334442,-0.8085096080440494,-1.229091801949327,0.22134443146078275,-0.30932927568863977,0.041860972403177654,1.356245810265883,1.3435216920241984,-0.12206089997991502,-0.47999006215618734,0.6432043105500753,-1.1057564176615844,0
-1.4394560249583184,-1.1141091806335781,-1.0771913162202653,-0.17200985759790802,0.5208090242473692,0.4453507239225871,0.6184458880424214,0.8970831214062474,1.1039049552430853,-0.7715641749832992,0.14135620922184713,0.052509716284009564,0
-1.4783098969011494,-1.1408115401897683,-0.9984810627537585,0.225791393311984,0.5510172533520105,0.019683753178247,0.6628994495412823,0.46515538488730596,0.2869942480101568,-0.27139244883464597,0.4127296323819708,-0.40242844726871846,0
0.029015577595000303,-0.7675629352302646,-0.8120477933939225,-0.226419140999412,0.7628245352816849,-0.7225538350554824,0.7523625919593414,0.21940878131932634,-0.937703801736454,-1.1017159854733922,-1.4013411194211203,0.80821741999903,0
4.161945225969053,-0.7391577204741978,0.53621570495698,2.7262342717330337,-0.7605674563584077,-1.5499730735030655,0.255595868450289,-0.9509846064839721,3.494782449283825,-0.1088943332482678,0.582923900080492,0.4541580987750164,3
1.5374004106010173,0.333727757546317,0.7424481151880791,-0.49837521331730983,-1.5620293040068167,-1.8766366443249405,-0.7006439530284638,-0.8982447904827981,0.5990232749024915,0.07808259765608533,0.36220531306993653,-0.047266151196906636,0
-2.2461465906542575,1.2562861223828137,-0.8034110601054226,1.5348458944356063,-1.044624427359332,0.3790774871874807,0.8541342835988106,-0.6214389538984305,1.0484061835027492,-0.16814420333788813,0.7226805398935972,0.6486582495775312,0
-1.6207241261127332,-1.8423119969337884,-0.663852154566829,-0.05972008259034736,0.3382946073767878,-0.13675137446166896,0.3835369374208252,0.8646074072398203,0.33004286636835645,-0.39133666453738336,0.36243466164676275,0.9325440252673787,0
0.14561795641736472,1.3185086169102591,-0.3362712210736605,-1.9002963295815218,0.14034038152979042,0.5619799859522149,-1.2854058052159891,0.2356387384245879,0.07816879114482347,0.3702244749412154,0.4300777171777546,0.39571653183006844,1
1.782736263337162,1.206991550410857,-0.6122270371952242,-0.7561331973625977,0.8086065623395194,-0.3538051160769084,0.7387396395453332,0.11243388392299969,-0.450145357615052,-0.016881566821103762,0.5905489412956231,0.9149656219861604,2
1.8273803346056043,-1.4021461630028291,-0.18693056594135182,0.4556470324373799,0.25216316860072197,-0.819182906133773,-0.36448662980053353,-0.5112041424227997,1.8926082719759432,-0.8043594530640258,0.9295758858594881,0.24014713559835357,3
-1.587291799486412,0.38021458903742483,0.7827710249715614,-0.009219983464580337,-1.0267229497532802,-0.8467405408618202,-0.3105466662607909,0.3497348006313007,0.24817103275372676,0.9246907989302402,-0.439798129323481,-0.35237133127883724,0
-1.9736899039164324,0.47963304097376563,-0.08847953551560227,-0.8342913121956758,1.278248610835518,-0.2282100614642852,0.8108941015833467,0.3732877447097035,0.9297317810359588,-0.5377713451362854,-0.809778705869932,0.661772409332664,0
-2.0509404748704405,0.4485342819705363,-0.4069002073835345,-1.018998029618124,1.6464928933590464,-0.26435037414530965,0.7103394278678287,-0.19138188245060228,0.5602117082525141,-0.538747484467396,-0.8619686760639976,0.41146929870094845,0
-3.2140627156408303,1.12042522208798,1.180143831852966,0.5016191116366455,1.2093474874051842,-0.8034210726484564,1.1642633294553206,0.28683308793592904,0.016321842639985897,0.9640647724026603,0.6455454044918203,-0.7582031555512977,0
-0.9390953429815503,-1.8364728747476822,-1.5074388058512185,-1.0072840810309822,0.5481587010601053,-0.2135534725089203,0.45135108295279,-0.08286210746978934,0.6288012972436601,-0.49716333864508755,0.08863965458482673,-0.0071984881290527904,0
-0.3059622371618027,-2.416299570453145,-0.10081051437568941,-1.2790151483193297,-1.3162267417808118,0.5969892611737203,2.3266809616070985,-0.40319088702874495,-1.135080137262237,-0.5383898453663621,0.43344722215564313,0.4080430001972467,0
1.1426140898812882,1.539888748695922,0.6671599052370152,-0.2000721587820349,-1.4912155592760767,-1.7029031105292662,-0.07473905276630385,-1.2098260878977816,1.0548830678419616,0.2337210884188718,0.6977786133001869,-0.8042925413675973,3
-1.434061611258807,0.6232258137817823,0.15183827871235647,-0.9329581464603818,0.04683603549906489,-0.8887373363467275,-1.2604060790992118,-0.6216632919281451,-1.9174950165783853,-0.5588530441646664,0.5903498171379631,0.02942127656897391,0
0.3265288100221798,1.3962853358259943,0.2586671023623176,-1.552725835191152,-0.6751483367037463,0.585466041856454,-1.0122411852376796,1.3747492439933011,0.7472208420812787,0.3556909454530098,0.5449105972182645,0.9721132747594644,2
0.45264632543714833,0.3408893844677977,0.6838310420694823,-0.1800795994357805,0.4913529018349993,-1.1874838779014232,0.40514431100427223,0.31585224606859774,-0.12450443781376072,-0.9840510828700382,0.7091995412121403,0.09339873045463162,1
2.5313133091747715,1.3901903269557552,-0.5913005474485633,0.15421823841671098,-0.32720900863012375,-0.2098063632127415,-0.9839611336996279,-0.7766600124655187,-0.23120536611888934,0.5075838696507331,-0.39435388278609557,0.9937535405583189,2
-0.11998872232940136,2.3973513253701975,-0.21657535974924347,0.396120479205713,0.02065659151525856,0.10761866622621154,-0.438285313057116,-0.6694608347019309,0.16241736737048973,-1.3787906071531075,-0.005114077045310454,-0.8239194919363285,3
1.5904041254696284,-1.0330492315872224,-1.2498759383516502,0.2079318912412663,1.3587539777601823,1.0364760937975075,-0.6915120317747864,0.5900259644388958,-0.22497315018118222,-0.5144062648837759,1.1111227139740336,0.6739347964985587,1
1.327190667272715,-0.17343749559905974,0.6322176204566395,-0.7394381166396891,0.40280207338600227,1.6778642825019634,1.9901942461777478,-0.6097335276018635,-0.3431958659156435,0.6616449881247856,-0.9148474298193423,0.3820575738884462,1
-1.7975808609724966,0.7736403507231748,1.7180768998261822,0.9363468311311655,0.9469484682839803,-1.286605745669575,0.614897963749215,0.19576511410863312,-0.577810190974582,-0.08303752117450301,1.355199957754551,1.0885386688563243,0
2.040342436979078,-0.6310843587952014,-0.22060953569705632,0.3934811422497354,1.7481638901511347,2.655184828072993,0.2926458661151919,-1.9777151667820883,-0.37536470573005115,-0.3005029163395935,0.7419918338132186,-0.5260487101668865,2
1.325688619473792,-0.5024813064405268,-1.0857078739378772,0.6452062313481025,-1.8032007558426792,-0.40649274790680057,-0.5879648734521956,-0.01696527536733932,-0.8530743498764894,-1.0604996068190078,1.1940075578136489,-1.077896829591035,2
-0.9723978030913923,1.5842578287826816,0.8083214994683197,0.9778610622391913,-0.4084889912940456,-0.09841110868466525,-0.49892930332550145,0.3952909745194548,-0.6629492388237955,-0.4585396412797958,0.5827811697791291,-1.4940081311465376,0
-1.2169257848166408,-0.9327689576040027,2.0078936811117436,-0.8184362353080669,0.060674303938510546,1.1325982266722612,1.5364918741168572,0.5327641025022677,-0.07811982151032092,-0.4658553051245047,-0.7826500090808405,0.4044283928292168,0
-2.2984567489455627,0.7212354963446526,-0.7285358469359444,0.7522747154349321,-0.10849798505641638,1.1019622679877357,-0.45804063652430843,-0.3803110424933787,2.4833100435668642,-0.08551036072010079,-0.06812315718321035,-0.25925515920292136,0
2.945618025610617,-1.1425209572389725,0.9355226105984976,-2.9910589099094014,0.2239322056538193,0.48844494503324737,0.5572120395760068,-1.2260733619979969,-0.3074281774713852,0.7572927441076521,0.1638844094149126,-0.1820760762155079,3
2.328221429773311,-0.06956122761384119,0.13305226617725147,0.2440556490758101,0.2123527160535237,-1.3331040058641332,0.14026496167183616,0.22341293831289452,0.12240228095679997,-1.2224379722032095,-0.39811617962730256,0.16126404649529535,2
1.0866797221511635,0.21946160211664104,1.296951175630607,-2.7790689257849785,0.7308530796504464,1.5278253203988659,0.984155884000252,-0.5719353238647789,0.2679025623284392,0.3563026177758782,0.8082302451301577,-0.406603642896318,3
3.044776130153673,-2.8952427923926725,-0.7378781916827452,-0.08368421003959894,0.9978384710271829,-1.5535299068590624,-1.4501924488978153,-2.232772109921709,1.2406534546605315,-0.3226581678954826,0.23561966157459513,-0.211998789085284,4
-0.25506970488628505,1.9286231048849707,-1.040827629293926,0.4789265997019701,-0.33759695055577216,0.34944200496977557,0.5387876887877923,-0.33063499431863036,-1.1696695052344404,1.1680809873898674,-0.5538383357616966,0.5622042176377877,0
3.8796587579550246,2.0649682758595023,-0.29367839843410015,2.7151105286820996,-0.29145645060274644,0.3897090738361897,-0.9067962559953394,-0.3515566506889732,0.02059863300720449,0.2123833243570052,-0.9251272239724291,0.1586508075832714,3
-0.252738832222445,-2.10419539750736,2.760800988415156,0.5028999820089272,0.1527285374091063,-0.233329016565702,1.0663863506161848,-1.0301708597892436,-1.1780032099180475,0.7072664262277262,-0.4900638571575032,0.7247037256087144,1
-1.8384009655921885,-0.7444555405385856,-0.18412966238053816,1.6636915111955493,0.987274620823924,-0.09641297550194557,0.7399386860893058,-0.2984155405323103,0.43134464579343046,0.11048936504671539,0.9035012328278818,-0.0038910682018110567,0
4.628302235730193,-2.3911272384293687,1.5756121994264973,1.6067668402205277,0.6345486904759098,2.354526090221243,-0.620980305990261,-0.6572504311912304,1.8110136425651169,0.32099636666221315,0.3956647587722483,-0.8131192753560091,3
2.1425583846872667,2.094249259395735,-0.8717780461975314,-0.04429147474433056,-0.4566142850390374,-0.048657003360277964,-0.3926246325327717,-0.7192640768189483,-0.42506552269307124,0.3978524470746911,-0.0038932071467291758,0.2693583347229091,3
-2.747475267849668,0.9931118808911341,0.42580511366124896,-0.019375504880027792,-0.20867152334883507,-0.33576251115615435,-0.25552880423575436,-0.03902495372828643,-0.3165041731875795,0.5210899850338812,-0.31586215506931803,-0.268743999632946,0
-1.6832505581515802,-0.48371544055236726,-1.3735953023577703,-0.2596407651097389,-1.3764210558719336,0.46198123868304003,-0.06020308231721386,0.5417318519168175,0.6295428481463877,-0.7111493523990439,-0.08425400039646011,1.0047987587733276,0
0.055091791936798334,0.5799906297763192,0.27832072990974716,0.08316280039540289,1.0365646116951752,-0.8295600990294578,0.317278922035146,0.1463312558070339,-0.8846019363124447,-1.360989206960919,0.52703595816655,0.054306735880515065,0
-0.4341494879935224,2.193875665251724,-0.538960380532928,-1.762360440492906,-0.33970352914355445,-0.13544165047333068,-0.23687658607745463,-0.35731308769122383,-0.9247052264653448,0.7780807970382483,1.168489096614601,0.621527927509579,0
-3.400779695132099,1.003870185900106,1.1812763988271586,0.19792867413852644,2.0615128225504877,-0.25178585934924064,0.508772565011678,-0.0943268609966328,1.1328575323944425,0.6666759270081473,0.16651055013101548,-0.45312402404478186,0
-0.9292310006762086,0.07086273947054507,-0.3014668595096879,-1.1237773780356635,1.9744498978744882,0.8535078019189073,-0.02335318456147353,1.0096829523165958,0.5863469010059867,0.815668932638866,-0.7715027254109574,0.9458720652068682,0
-1.9855870138336582,0.390828300307233,-0.9547049850443867,1.2785409945334612,-0.5288733300566446,0.611263222483077,0.09715285337521644,-0.634861482784252,0.5562560598823932,-0.2742059362514119,0.4477503468129701,-0.18524198279441093,0
-0.9329845205945801,-1.3813596800680514,-0.2696419023084581,1.8452306993271026,0.5635667244873209,-0.3849329496262783,0.5632769804459073,0.00039607006738871423,0.034415924964368155,0.08181451802103887,0.526366421425867,0.23243101323417203,0
3.0609792579246586,1.4444950045967466,0.030454916702304654,1.67914368329972,-1.121095929674344,0.5283895888312433,-0.6403723626905165,1.208883250703115,-0.3207825475014066,-0.36201993721476894,-0.3576475537729041,1.3159746725093724,4
1.4738435526776565,-0.16631561215773594,0.2787969062785202,0.2586675793124271,0.006422714056420473,-1.853999942140629,0.5168714112614701,0.19499296930513793,-1.862391223410927,-0.6229453550635302,0.6792657698009166,-0.942697052622535,3
0.7532606951479195,3.2061163973792257,-0.5753134656351004,0.4197530879944007,0.34927969334288494,1.1221202678252291,-0.3650569998070902,-0.18154429826917284,0.09992577896194738,0.08656939898160582,0.3648747169519035,-0.8110185954041399,1
-0.14009249240742994,-0.32175835430403055,1.6681899532549131,0.7694713615346147,0.6916206940921945,0.8000991129934139,1.687517123991441,-1.376935973055216,-0.15808352467758757,-0.2972717989988316,-1.2259880770514644,0.4263270800823669,0
-1.267903046362461,0.3198812508162105,0.35757390873671235,-0.2642085556411037,-0.36587260684870626,0.5036743614488128,-0.8104081730663298,1.4169659102307584,-0.7700014295584007,1.7448832889903734,-0.2927091467548608,0.7499550770901825,0
-0.12999725099942291,-1.318716498284409,2.1328564106874657,1.01404017549164,1.3426995670925927,-0.8725094285404331,-1.3367043251703472,1.269697156322544,-1.0336166238666917,-0.42533959928157256,0.7835881407641911,-0.36564869618578316,1
-2.454779451579275,0.0038502801442551345,2.2653323952757,-0.4719597213238071,-0.9087756795108154,1.22830583737889,0.4779472870189304,-0.6079338421442932,-0.42394795952857833,0.2680566241906205,-0.5421261449616387,0.590255497092995,0
1.6703096574855345,0.6694254183668973,-0.5179579082536697,0.12102403340924642,-0.0007807900909982978,0.12362004573595538,-1.4168141462316302,-0.029624268924788037,-1.955894916129565,0.2181293046039971,-0.07181989471516517,0.6332815057662758,1
0.668908342453884,1.312990760928107,-0.2706094270234567,-0.26619350459247554,1.1965299346062166,-0.20558363200407972,0.633428920641042,0.2798227780884065,-1.322375138874902,0.01849088048581809,0.9670363628272793,1.3024319077365145,0
-2.1205183497086186,1.1052501847998064,-0.5337255335221989,-0.5808683906850206,-0.39538111416971644,-0.27645314897598744,0.08408499804135149,-0.21086793244671298,-0.6537591776566996,-0.06572577361201984,-0.7242230420371596,-0.3536749669275084,1
2.740162521846278,-1.6092179959366564,2.131603877525756,-1.4505877033354688,-0.17574972391938154,0.3267365225665733,0.4550648051938931,-0.6783772439957741,0.7585844174849145,-0.9058453224368673,-0.08369597058346259,-1.6524038532265775,4
-2.721256559822248,1.183603825056814,-0.20658865291112283,-0.5462872163955271,0.2783586526078866,-0.09103272010406539,-0.3093227161767544,-0.6949135621438098,-0.025155030187055987,0.09916097626728063,-0.7035026337141244,-0.08675692414168688,0
-2.183055230330769,-0.5122984207927785,0.3532379765499274,-0.35847018054797747,1.7720601171276509,-0.6984224027402729,0.0639837152777125,-0.04038842295144676,-0.7157931283141106,0.3215304907594466,-0.3876322356964182,-0.5835796347798963,0
-1.6794163879462845,-1.1582156403729496,-1.8103573573207776,-0.9555828163518376,-0.9325923563802685,-0.5199955217021179,-0.263905448214605,-1.2284207601586403,-0.7180568873843391,0.0421816191442972,0.24932553974693675,0.4213145151727824,0
-0.5595449154921684,-0.6846514039915467,3.2730381179384644,0.7776803175968466,0.11411896840395382,0.9639164114866361,-1.4295430199403203,-1.4284536265214396,-1.3213606802555915,-0.22979787478817287,0.3079487681121708,0.00563115639886212,0
-0.6444331809969255,0.1441640786609803,-2.2908330952158056,0.6900128293320597,0.6260177526486591,0.19630912755778807,1.7928138399495663,-0.7130378178460645,-0.20290012118817433,-1.0248890858305768,0.2687386248391559,-1.1434262000773512,0
0.9090611469983743,-3.444387665002555,-1.9871886338037295,-0.35632629129174315,2.654641321511984,-0.9284921726088211,-2.0032566807218237,-2.7074802106030855,-2.8759412399574225,-1.5266797063493758,0.2396072791728996,0.5373064410034257,0
2.0271248489198306,-0.13176740263822828,0.19309032626077835,-0.5514713828266189,1.620115130531337,0.4253196547301029,-0.8498456504841099,0.9351794618844698,0.2522979494789125,0.022296750818704685,0.16597562676331162,-0.2232026520762763,4
3.0367281977657177,0.41425979132484364,-1.3664416777784543,0.9910923928813483,-0.026645107032129214,-0.3074737161055793,1.7568295875504683,0.47106041503268264,-1.0360358256644349,0.5318613259968817,-1.0612261987001006,-0.126693584752958,3
2.673946715151412,-1.6544960025960962,-0.7990989934475765,-0.7273996069641352,-0.5224122872741003,-2.1714030712262735,0.8946523876479463,-0.5216524064854648,-0.07238515369119393,0.15162815970591353,-1.5071186034510593,-0.7711664745952203,1
0.3187910538257079,0.9607110961779397,-0.19359702025433811,-0.976076589390283,1.059184261286456,0.8998234470019942,-2.2247830327798646,-0.07103906673638188,0.0746328618104311,0.31019846930811584,-0.3018757371884844,0.7255264838892668,1
0.13708366280573567,-0.4536100794577425,0.15047377202193662,-2.3900868395349937,0.9533143121570977,-1.3858099111905497,-0.2743949744636814,-0.3765938900116973,0.5240244642457738,-0.8492705060335314,0.36380164290129563,0.2995542843245059,1
1.3333365590098212,-0.6135902025654473,0.5318568088072341,-0.861812761227101,0.9794543507171796,-1.3573714919630948,-0.4551212725202756,-0.5644547541650121,0.8521209416965788,-0.9157870756446246,-0.01030867501218417,0.43427926102576475,2
0.10258761827697052,0.0770998341966032,0.1320425529763226,-1.2672917355191688,-0.9846092998747402,-1.3260855394999693,-1.1496825089954559,-0.1784646718655848,-0.9019186290784582,-0.6214882754245423,0.06122333714055746,0.779501726097621,0
-1.7227670708442497,1.5483264064246096,1.9745117189342056,-0.9498154966881802,-0.995098680179098,0.9093290697516359,0.7043043294408113,-1.1665225455433998,-1.297783912042618,-0.6616279970610959,1.0062216587315638,-0.033120010748852666,0
1.2268673819870697,-1.6332883158543876,-0.7842230238195927,-2.9544965981019713,0.01933786372086201,-1.1839314155544167,0.5127879990231399,0.46465895098950016,0.019804314154484453,1.5174642997343328,-0.6104942711853953,1.438956028990503,4
-1.1489854954778582,0.21659209698515697,-1.2240006935815417,1.5374304847090574,-1.0788013940175503,-0.0009344073958437744,0.3396641028390608,-0.8621062477648946,0.12746555299396956,-0.20847554790206066,0.11887371310738917,0.6786175017762008,0
-0.04839099729863009,-0.38936659830981313,-2.2439341314476016,0.6979724666270748,-0.15845428046618068,-0.2601161568711117,1.9266453501812009,-0.20655043814563429,-0.5116698784789177,-1.1277150650435492,0.08110445564708305,0.058888512029611664,0
-1.4222194850515837,-0.3153008377675,1.6134552282429961,-1.8338889497021957,-0.9989136908799789,0.7396250055516282,0.5386466514691182,-1.7794981248948862,0.3569617401282142,0.5317772784457447,-0.6866873881224417,-0.3674000837637908,0
-0.19097200751737384,1.5624400103589697,-0.05919202733157153,-1.3199894100991971,-0.04505966022628045,0.9167239743658651,-1.1913367285352214,1.1190306784546546,0.09078882892641865,-0.000244483270286097,0.3502357045079685,1.2479183527143598,0
-2.004019846093372,0.3650594397982166,0.3330261120040553,-0.2852890161919287,-0.3885794535265583,-0.0007797973394713126,-0.6597134498550603,0.6699064456457127,0.22793348426193444,-0.0031930454465427926,-0.926562435250111,0.07426176192931316,0
-0.6786885056811042,-2.059391710937367,0.5682793941182204,-0.9419128351549468,0.4249720040414773,1.9156052509634445,1.208971718464639,-0.5511922129939103,-0.6774620444791402,1.6105613222588262,1.1107349021514525,0.037820679779131006,0
-0.30687153767417974,1.5576276200232098,-0.4770027614350264,-1.4687888789284407,2.556305627257295,0.9304026028606419,-0.30325258106641123,0.25157042032479376,0.01105177147507985,-0.0075475248025956366,0.6882571441494052,-0.6951913174344204,1
-2.0153755112642524,0.8540983751588538,-0.7755429053929481,1.6858872379574679,-1.479066809760874,0.19871882938757737,0.9421326717499734,-0.018384247193642473,-0.2051087870441061,0.04548744260741479,1.1000264682941523,-0.6121888635394948,0
3.150134227533562,-0.0938469419469155,0.29442592022138453,0.566115903310893,-0.8811186052987341,-0.09658767653091559,-1.7824888679802133,1.0058823974837603,-0.7955667967755912,0.7099804998219069,-0.31612689312230985,0.006438671720867093,3
1.0839237573042049,0.9459357814279775,-0.37073919569355196,-1.2137662929043118,0.8723578638155545,0.7450818914932319,0.12290605568047916,2.2514694341231314,-0.4660074992219317,-0.3123370513531034,0.5553498323129092,-0.7947733611757047,0
0.3908656394712271,-1.1382025115358365,-1.1341590051277886,0.8162322990197082,-0.47017816899029274,2.1526471494135984,-1.2836966297362473,1.6437127710782264,0.6109615370882903,0.41962036172346123,-0.2434819904214375,-0.04755809281980374,1
0.18460254950018806,-2.7320403764866743,-1.7148097526764936,0.4914525751546861,1.4521786982524003,0.06320133946541699,-0.4768166382493649,-0.6815956949117152,-0.39912584565319037,-1.0262386099008742,-0.8232348204502,0.24506705253298355,0
2.1082485508556497,-0.24194221030406948,0.5022680651190347,-0.10123606414406361,-0.313141019944001,-1.4226204494193788,0.5058893092385707,0.6155176960229373,1.0618678382847957,-0.7018249942569196,-0.28794140091495046,-0.11462316881461308,4
2.79531683307458,0.7508365506398033,-0.6256216490767162,-0.2955618982791608,-0.6608460996220265,0.6428444366671179,-1.2185342283594949,1.0631827981287352,-0.8406959240027272,0.012421278593588594,-0.15958536330184442,-1.4961416994565604,1
0.36711259121941414,0.6377160238986167,1.263158730391995,-2.9891151229744453,-1.771533842937359,0.20756717844174305,0.7375184288490682,-1.972464221832822,0.40683253024707217,-0.5540837349819279,0.49124730329622,-0.5368905114370972,0
2.5587480959628723,1.3206372762097183,-0.3986848738297895,0.18585218802130496,0.09943916404541628,-0.056121546911707974,1.0810640764118458,1.2549826675120164,0.13873515163175762,0.3057007381199845,0.1516825224186179,-0.4059324248212471,1
-1.1038671439325098,0.11705838998947295,-0.14984723197868208,-0.36110222580763746,0.3375765872287707,-0.5954310370141396,-1.1134854760509811,-1.2833630892319599,0.25645644416674446,0.6933620344057968,-1.3210153230371486,-0.9368957746790599,0
-0.5572992052742045,-1.3045609761273942,1.992787883610821,-2.2716542806240017,-0.238879033608833,-0.1034449134686969,1.7418111598640624,-1.238281690355048,0.9487274810564414,0.6997805584128485,-0.26774726251029984,-0.3416308768074106,0
-0.06166520382638821,0.7556761498434149,0.05602680336124782,-0.21543086930096442,1.7306978052916615,-0.36708218515834645,-0.021553637190220444,-0.340155770347029,0.02534772915244887,-1.672598854742431,0.11758312627022413,0.19077418861132608,3
2.4059189020025764,-1.7289146818770174,-1.67494478899876,-0.7747137816861316,1.8201313051615875,0.0361450858593308,-1.084228203865429,-1.5905808856873052,-0.0578749564053565,0.37669169143511055,1.0347756626711282,-0.07495097195840593,2
-1.7040397325215706,-0.7236444996265128,1.7531133987374634,-0.09273865974677477,1.0213658688474547,-1.5488751187367116,0.0652065607094524,-0.07423260320831637,0.9211927563603665,1.7800641371822414,0.28249125068404624,-1.1242498093880133,0
2.098047641984024,-0.9718425209839615,2.389025768062885,3.5517161775400314,1.2482723912078562,-1.2679149464461115,-1.3390624861655644,0.3621851448296311,-0.3844921008557983,-0.06344522550684323,-0.053701131065669136,-0.29923664213080586,0
-0.9207118898152621,-2.4720555975446588,-0.9770174353329658,-0.3312464977547539,0.8856344360817303,0.5065252024498745,-0.41361643658153174,1.0698180661186836,0.7488096881976951,-0.8499110934935049,-0.34458037038538347,0.017775234358391873,1
-1.7348176824357942,-1.428479839236848,0.2095984397835585,-0.22670281852052296,-1.8997032102361129,-0.7423579858101104,-0.40996763289840316,0.25611877952245476,1.1858981051357105,1.0296319841645913,0.9294056174360206,0.6565314156582343,0
-0.5200196823335801,1.3408796146259545,2.186181424638703,0.8802253038946274,0.3007306170519375,1.4934973541245549,-0.008370924078620924,-2.6230488466067,-0.28553107379951137,-1.3309775299877906,0.18829278168948232,0.7381308239743533,0
2.0353557830263,-0.5088938930012181,0.851515372015626,-0.7423290146462,-1.540356509547703,-0.6577462311209429,-1.1503706324395944,1.077036845638455,-0.5110660915913063,1.7366297835966802,0.8092726547782544,-0.8509488060631655,2
-0.7213663087700991,-1.7470248857571307,2.6000373494697704,-0.5315631588112915,1.7898651057421477,-0.5996134916178651,-2.2070448978633928,1.3808887464055963,1.1755345657331318,-0.06192571410751691,0.5601403516347081,-0.24653799576653415,1
2.2651466987043496,-0.9308757508675466,1.0029014522503905,-0.5579896639632066,-0.31042475243851697,-2.355432059127463,0.03522560469071464,-0.19115829484369742,0.6150445292815055,-0.11779203531383631,0.40239314848284924,0.24625465307566013,2
-2.0976105986715976,0.8920428177629169,0.20916521411118674,-0.2367068138139891,-0.6349417103018553,-0.05657494912031086,-0.1820040576547727,0.6597748533325691,0.22674675213623324,-0.002933337789245911,-0.740520099606708,-0.0039373479688584925,0
3.640056669645321,0.8323452114875782,-0.3446540240189916,-0.2765284749255703,-0.30276051015913485,-0.6110952959829267,-1.4282114576832357,-1.474876490546787,0.8177144584588724,1.4044277457116432,-0.35606838294169935,-0.987454848410373,3
1.0019549114041,0.971875224194805,1.1527101294140607,-0.8359660112063383,1.4089928131233749,2.51457325992884,1.0793030543599698,-0.2997009803131215,-0.5605113266831953,-0.5981894623375544,0.5025071066193971,-0.37716691459622825,1
2.0124789052097225,-2.212101329357399,-0.23782802140012618,-0.4741219026962466,-2.591432918860899,0.8417485729133379,0.8110754258623736,-1.9071831436835829,0.3773046500677117,-0.011938408775824012,-0.5471314177922239,-1.4393884647002608,2
0.38553880490755,-1.0806157668331218,-1.3010818101463713,1.4679994857977474,-0.888158168921372,-0.5827170671396286,1.6804647970467113,0.8890326254507135,-0.5903748280079774,-0.6710462232482398,0.223345100452546,0.29831223511662897,0
1.8505238665945865,-0.17024768884449,-1.682617736167223,-1.327385728833058,0.15885105470141833,-0.9369338351876436,1.5587589668314679,-0.311895911927309,-1.1479830524153485,0.9691951411718582,-0.6761913176596759,0.5457510431812189,3
0.28501039217269486,-2.33498392696958,2.928438175110132,0.4809239623471175,-0.8801699607949547,0.17051417450546105,1.3709957314779868,0.9096250299681902,-1.3892626693227852,0.3540514078514294,-0.26997272149686535,-0.509570552873962,0
-0.19849991233210906,-0.15518581543015494,-1.5483545002060353,0.6571858361140538,1.2680450312165332,1.590560763031767,0.7775821083713256,0.6515023610418637,0.7549473296578945,0.4329844291287907,0.5108010682717634,-0.1083239329509968,0
-2.241374749786604,-0.3848446323132938,-0.7148162206603975,0.7823416779694063,-0.7207399207611538,-0.05715839150302543,-0.3906805993254418,-0.49278911313400015,-0.10318735868525002,0.49090529751066986,0.4785237505568487,0.0036651343008319934,0
-1.0288588116157096,-1.6126562779478342,1.121728948614013,0.3667107968428311,0.43564947693382416,-0.8820622737531091,-0.10815087417678639,2.0775770653397165,-1.3781339156881056,0.5333007846909806,-0.29538131312440996,-1.3723533897684914,1
-1.7464121721223351,-0.5417457393621214,-1.7399719253447716,-0.49718694329305274,0.6516145519217361,0.14379558291641092,1.1643194219403215,-0.06436626327772135,0.454323363279886,-0.7952334119598737,0.31052802288024084,0.17531194546250817,0
-0.023183848750375696,-2.2969001215522864,-1.2511584032206562,-0.4435134160095591,0.012871816313515501,2.0303698597468784,-2.311391676481007,1.625146790026027,0.32785710329953377,0.639194378353869,-0.5990796856672976,0.14896821298098464,0
-0.6313879981220255,0.5493223301462081,3.1101841494894154,-1.0246338762882357,-1.7531290706531504,1.1743239369409353,0.009913232382657698,0.41827031903906237,1.1012321075866058,-0.6644088322606094,0.5335280682780932,0.5927403707804223,0
-0.28952053643895936,-1.3210699110093613,-0.8730451584255111,-0.4154404418513203,-0.8024757084450045,0.14157931618938197,-1.7745851085622948,0.44643482390648787,-0.9621074609237986,-1.2346006570136747,0.9798642005697794,-0.24016233914230625,0
-1.427210514418533,2.216042503109593,-0.18659332492350172,-1.1042253951578653,-0.07087420591961363,0.028459494466730094,-0.5059816281389029,-0.23384418422344155,0.22995682822744248,-1.287271087690231,0.3087558721467408,-0.05274556034302162,0
1.9253782917087865,0.1662462759850809,-0.0929457744467554,-1.8237253000467728,1.5466326796853798,-0.273518222470532,-0.3192871661446153,-0.48210445421455544,0.7333136797731805,0.7133843001663279,0.8445987298563021,-1.1634674236194158,3
3.106158428794583,0.6459562388168621,-0.30932940840411627,-0.4036059975797859,0.7086047089485512,-0.7538227073611886,0.2333080336910333,-0.25712558753039066,0.339133373381308,0.6344921499784101,0.19260226683537246,0.14085982625745774,3
1.5898961736919048,1.4101320060763751,-0.014207141839235217,0.18153532354318627,1.0976213093016314,0.7697634552540704,0.27870222828120744,1.5944831957815988,0.09646694428084018,-0.3260852637673112,0.46975444464851857,-0.3237858986296081,3
-1.9743365188923634,-0.05726430887546931,0.2875946629347289,-0.1829712313599339,-0.48801759981697324,-0.48334866373498453,-0.6835556229406393,0.4350099662894411,-1.013445823034379,0.3412904325685343,-0.6721819780473774,-0.23580902885273666,0
0.542940566944222,-0.6695686974566458,-1.433764589278614,1.0377146472092493,-0.5579494190642659,1.5734520543697814,-0.862765569656846,0.6698852171457507,0.5099588825719436,0.6219428954168631,-0.3653104525876587,0.97973463448439,1
-2.9207287578781007,0.5430313292052303,-0.9744884518130924,0.2934641153620562,-0.28443270659708214,0.7100686514277201,-0.10541975839632119,-0.513409328463468,0.8977554362110819,0.0362042553016942,0.585045983409036,-0.5521538810876675,0
-0.11893961157713881,2.3386769918766124,1.184857159514885,1.9869732442037402,1.0693680096499563,-0.16184243378120736,-1.411202460408393,-1.5375519858269546,-0.4072567370933152,1.9629481435781568,0.8982910892271453,0.6217832102348823,4
-0.8644982747316329,0.8184851487063973,0.44324297106444077,1.3879912998315715,1.3807031332976332,-0.47494851976278885,0.8618420578719224,-0.2738007652116177,0.8144332374862168,0.012760499994356982,-0.8198633531211503,-0.2044041380406024,0
2.1816193654666174,-1.6829642469883581,1.4458163140664064,-0.4921239200610693,-1.3879885726382277,2.6236040698427274,-1.111430408865522,-0.09862339068679758,1.500566144984767,0.2533717570197657,0.9876006067819246,0.8359317186414313,3
-1.4567866400015657,0.8659460698992836,-0.6598502096870635,-1.325216429547866,-0.7998081760507678,-0.44979532907718467,0.15746696021046191,-0.2704320686237416,0.37746588590640445,-0.16626258242362976,-0.9665987763126439,0.07829956838018107,1
-0.3328625452595406,0.781080235159402,1.634656598707404,1.516113808199631,0.5921505698754063,-1.6462806012605105,0.4468827719928989,0.1609083686369295,-0.8335806243935081,-0.1310291836626279,1.1864179682072125,0.7515185084379704,0
-3.1274576619444594,0.38489987894048144,-0.7778118295704923,0.4275171591237346,-0.8364658720604047,0.01112815031956854,0.261475178772068,-0.5347838110944771,-0.01459978271877142,0.387893309047924,1.009209784673448,0.25674587498434837,0
-0.22293235602799727,-0.2712167691644344,-1.5864784912258263,0.5474556820931238,1.274544333989088,1.5913037116788946,0.7385688627014244,0.6809559703016809,0.6323015653296608,0.3857970372964689,0.5150002217431002,-0.08477320072308854,0
1.2202499606521129,-1.5221817556641704,-1.827382409859204,0.2928803559858449,-1.6736243668650486,-0.5777174767240917,-0.26682890406121934,-1.033039083326246,0.3133985917137449,-0.11208006291516939,-0.5946353732660925,-0.5372899213612415,0
-1.319197067952952,-0.7810762855290865,-0.02381780607547,-0.9837436483271664,1.225528021850586,-0.3036247696568704,0.08298129093994065,0.8100734463943629,0.47096365580560884,-0.672452923403963,-1.233024157599281,0.888749093354248,0
-1.7968509541118125,-0.01761030386783739,-1.5995583540996765,-0.38911493637413036,1.6904206231748709,1.018906911861918,0.7422021497163934,-0.1928450436654856,0.0899578986222031,1.183406626990993,1.0734823944432514,0.22496668778879153,0
-2.0492975046143846,-0.9629480738329249,-1.3246715101424746,-0.2806001230481424,0.6292695977235234,-0.27861244352406517,0.9842336846341866,-0.1801307247270214,-0.14328322224154252,-0.3601009797995508,0.609560021725783,0.542138377375186,0
-3.2840238979985026,1.1260566330957167,-1.3365872081386885,0.056918063801855365,-0.49405570332150905,0.3285335949245804,0.5634589205294538,-1.0994658128547834,0.5827592119382855,0.015544362484247136,0.8160090071028299,0.2744453201848946,0
2.892785872134864,1.3495879085544802,-1.0589048044000813,-0.7215457651028464,-0.7331263199923208,-0.15816341183760985,-0.5904957961599594,-0.49287371631909277,-0.7003943458675244,0.5358339498320602,0.07969292118857371,-1.3030359498901791,3
0.7621996987686079,-0.3727536498254643,-2.051118545500756,-0.21702613542200042,-0.950810280585889,0.12699464720435294,0.0029673446015764686,-1.5094482973700276,0.5658277714111054,1.3977292668376877,0.10562336199076608,1.606607048914021,1
-3.4764388825131434,0.6067528867120406,-0.31055942325923336,0.8842310059461039,0.04797573210972529,0.3622116977086938,-0.3234010233968751,-1.071793340709521,1.0023277177741112,0.721606647083989,0.889528628451117,-0.13397377243583988,0
-1.6663043487585074,1.5259327033092016,-0.8013318833201684,-0.6828609597028362,-0.7372235101141588,0.0743637117414644,0.40788960395290286,0.27896504769852315,0.07435762558518721,-0.5152818455571488,-1.0099862634134076,-0.4133945540415214,0
-1.262595384929269,-2.232147566460943,-0.4991316054768946,-0.38995528261029805,-1.1399280678740935,-0.021043710698758863,-1.2948174999343065,0.457840681777476,0.5954717379759052,0.10603521733164115,-0.049423057575205015,0.6147271539891744,0
1.020882530363197,1.1625390724739422,-1.362219685143878,-0.584174749126764,0.052930516808226316,0.07738886092866577,2.1411304857039353,1.0146947682535583,-0.6630117476485838,0.5927449824135053,-0.2542114796093046,-0.514660704570192,3
0.480624557956971,0.33817412691706655,-1.1157811215617506,-1.6739150450864344,-0.13317723739061724,-0.2502861416042663,1.5997794899839726,1.4880643463542413,-0.45599937343030583,0.8289792369514719,-0.4223763521424658,0.815824170823126,2
-1.3980378661566104,-0.7365018560150536,-0.40745560467953296,1.281237795105967,0.39625103220769614,0.1952184770434819,1.0158598957027876,0.582984617545659,0.918640102847016,-0.5000915783310181,0.643430497262435,0.39562699237080956,0
2.2167726554622056,-1.7860152881013749,-1.4235794187801238,1.8321403606009357,0.7374244223703592,1.6243842231535948,-1.4204446561333508,0.7240422585803479,0.5373021223432038,0.8176143443473449,-1.0710996532128014,-1.0251014079883416,2
-0.12135298928030143,0.643104826261383,0.2560037055999954,-1.1235936611658766,-0.9898538866278243,-1.867808063613723,2.1850291843826186,0.4423204487562503,1.3766733564795641,0.9725945844930002,0.17631021757685242,-1.3406173602861013,1
0.29743323265484267,-1.9344628800402461,-1.444291440622723,-0.6000652121853144,-0.6133690169037028,-0.37622064034404057,1.0096757348181553,1.3502721911868272,-1.556656536446735,1.5168306540462047,1.1236504377553114,0.5836578617483319,0
-1.5801788794611176,-1.1386956370064136,-0.09365035619779005,0.15220026449127386,-1.2693127129705322,0.43007959653023414,-0.8297820681987921,0.9433715865433936,1.6081339539953534,0.2658680775202046,0.3128272871998987,-0.37864700865307394,0
2.5636427881271233,0.20688969727446477,-1.1896338655551555,-0.07786888971904722,0.6491352479174015,-0.6509571741923867,1.0520162183703408,-0.5555081673389044,0.07216864463612432,1.4947513275184348,-1.1185440769782415,-0.62824786190078,3
3.230471277237236,0.39641452552538203,0.6117725121959527,0.399945002972656,0.7294212910342088,2.0079339073543006,1.3219646141486272,-0.49403485979355993,-1.803177869909533,-0.9232270809043043,-0.09925647426022946,-0.44794402287837387,2
-0.30466269219299424,1.0747152586651216,-0.14429060872670724,-0.9364171028244841,1.254923311855576,-0.44034758834345633,0.23622048348606256,0.2791036315982144,0.09012341728524564,-1.410233392548579,0.2121958221015982,-0.48996040703620514,1
-1.8946928155235894,-0.7934485311784383,-0.5752353916091792,1.3839358082287323,-0.3726770952944445,0.33387132293162125,-0.6460947267691067,-0.4921024001302516,-0.3869335978279827,0.06516127818749998,0.49448600207482585,-0.36895648057028185,0
-2.5424757290687716,0.46564895671379664,0.013840600469912218,-0.278866446199765,0.3433675677403561,-0.3193622645949988,-0.7388630471251837,-0.5956542832864211,-0.9792097004708572,0.47581593016196805,-0.5678109720624241,-0.8737146407587041,0
-2.6207223166311713,1.2537564389534055,-0.01572109170050388,-0.11646435066191134,-0.2412297728060296,-0.39658396757677,0.035884443780871716,-0.30192909468012236,-0.8150462467132462,0.4697133371632996,-0.26666946014352727,-0.8445550288494392,0
-2.7550727501564225,-0.6813644736998691,-0.8949222414350255,0.3085814811969235,0.13204470760173637,0.3608909914148438,-0.9235669573137822,-0.8518724481210691,-0.3949626188248874,0.3897420886810297,0.5370858563236673,-0.9805202711862167,0
-1.933630771208727,-0.5191865710889225,-1.5151796007275065,-0.2890014607515198,-0.35424784435805456,0.824063224447335,-0.6425066511136193,-0.2045221948953504,0.661415999714057,-0.5912942282953166,-0.1987623782024778,-0.1564311783576949,0
0.2018883812620731,-0.38708160869610525,1.1006940645115209,1.2918062637490368,-1.5220770087998938,-1.9744480788191616,-0.3184074832778679,-0.6331632083672449,-0.380336912886086,1.6253109725706454,-0.509687637734614,-0.2625474865886373,2
-0.7657358114957501,-0.6055700407758918,-0.10260230359097473,-0.1729039789931476,-2.9633022862409026,1.8439154379906901,1.7851992055850636,0.46792181847768244,-1.027367528044173,-0.6974814044966174,0.3027592165045878,-0.947188755208644,0
1.2134870101105055,0.4704681472403241,-1.477462706869666,0.42830502703279233,-2.1186895728410176,-0.376493098828902,0.7597932338314539,1.1454833254373613,-1.7662987105500831,-1.1131041415564835,-1.6407009285146308,-1.1073355651995922,2
-0.556272255428232,1.3874751107470258,-0.45300604565026736,-1.8401289194171173,-0.8973398452469057,-0.8856958842124488,-0.3098860307478814,-0.46601188696067564,-0.2520709444862769,-1.107032236423448,0.2762720286717079,0.67727090564436,2
1.0922213469257096,0.9329537213429773,-1.5269146916926968,-0.4398826967181743,1.0313572542286455,0.07249961977423845,1.4709555893559936,-0.1397694583171745,-0.6602244953357481,0.833393706395615,-0.627499967181033,-0.8310809693786166,1
-0.1169560667800735,1.1693657039149277,0.39018799438727586,-1.5546746490282466,-0.7931011639207087,-0.9375387042884561,-0.8271220987108234,-0.5555092139638939,1.3721749791369724,-0.43026989131920995,0.22716075231320937,0.17797965466430626,3
-1.079637088272296,-0.9371076448205639,1.9539405243162522,-0.5834463055397302,-0.5653336472106321,0.5956149068547167,2.023641518210484,0.6945023806554064,-1.2687821180682444,-0.15648511359423042,-0.3604219501361259,0.053121901536356916,0
1.2180500924644446,2.2382527616728547,-0.9636758125229257,0.11847261277187707,-0.6900225011372562,0.510038879149476,0.070428518435236,0.3581155283624417,-0.8309350986279674,0.014232422622954682,-0.11746421500492432,0.6523481064464537,0
1.9451803301306883,0.86793289271775,0.10662274724970498,0.39113687587964796,-1.346944061078253,-0.4860919271687015,-0.76640171011588,0.5834741212360849,0.17594003107921888,-1.1654710594838051,-0.43011036771079697,-1.0782858865233453,1
2.1394868967502756,0.9491576506708163,-0.923949266732948,-0.9559429031104669,-0.9533997043253455,0.3023919889359371,-0.6437277626602064,0.8126019528677223,-1.3641732120817351,-0.19706160614194518,0.18874874312298057,-0.2595763441333121,0
-1.606063518238679,-1.2679674002595858,-1.2864269514141302,-0.00677760760659921,0.9108817018818662,-0.1438741873324404,0.5356055017255058,-0.2224836224820448,-0.08051743555423453,-0.2612888735527765,0.3270221120902608,-0.14833599709328393,0
-1.286149770049377,0.9185703672623613,-0.7322209370589446,0.27286386353675984,0.800600973902019,0.046504182522859094,-0.6170286392995924,-1.7040209285604613,0.09107110670089064,-0.4648529745832629,-1.5803821539542253,0.2250034523635347,0
-2.248126549103373,0.4875895898354024,-0.9025520357629908,1.2010349004634389,-0.42894816640964095,0.6366154816484425,0.1168735130380036,-0.7350084221123261,0.6663146300442281,-0.2682911069587711,0.5317768440393906,-0.006817897630003197,0
-0.5505721604692076,-0.7267025303771106,-1.8311564684294055,-1.2488660432564436,-2.3803351333204423,-0.7395112470174512,0.6372609041101304,-0.33322331907539954,0.552683058693463,-0.08273314694822256,0.21331794496560133,0.563988075288363,0
0.4981935392247411,-1.5140343026787197,-0.9179187412832688,1.5215726747650795,-1.8829389301976927,-0.25015061251528253,0.7232112217991362,1.6398258209087393,-0.45800158864512874,-0.7044453147124171,-0.04249227079666293,0.5562114576088485,0
-0.7761565356495249,-1.6827724380783047,0.9158936020328294,-0.06460936959150802,0.04039656980489888,-0.896314044683545,0.07771304393099875,2.330214380662366,-0.8213942496372199,0.027185176188263344,-0.6589261707251755,0.13307317483111375,0
-0.914017117616028,0.5936810619463112,0.5427406980036079,-0.484792125950336,-0.5565451975617053,-0.7684759423873575,-1.1784761720060326,0.37285464361757653,-1.482922699510779,-0.5475728315036282,0.5460379739591534,-0.2371094516763271,1
-1.3043210702224426,0.053377597579335925,-1.2374430440693065,0.7561005470337776,-0.8506942806562844,0.1100185151994001,0.21545508248952042,-1.0856688702752388,0.39264293414137197,0.02470595622493484,0.5052740878732014,-0.8122572175615216,0
-0.7217843824157112,-3.195254164981192,0.9303196550825743,-1.1931522296986383,-0.2867162395613452,0.5210560818446606,1.1407133673193277,-1.1820987164908974,-0.35609295591713946,0.5253685852082233,0.742612527239253,-0.7530512622038762,3
-2.1675855116816467,-1.6390317249145587,0.423200027462618,1.2478379768632641,-0.9612335966846668,-0.1712025458928036,-1.225143459553469,0.5822272852108937,-0.12114929539293777,0.8888849593728715,0.5746322448457384,0.3590871840944818,0
-2.422375197191566,1.096632969363864,-0.04230845410878127,-0.3880296431385007,-0.12235437988983483,-0.04528501498825821,-0.23610857287161094,-0.07866507304458051,0.0802107555404093,0.054937145721610084,-0.7126731120417809,-0.20435599849783395,0
2.379780959164616,0.7279755566112225,-0.3188305165815412,1.0227977173957499,-0.07509718822394344,-0.21168833689050595,1.3416179433993287,1.1396359795591462,0.9453433393243176,1.230142560240118,-1.1301728119621786,0.5135414337175893,4
1.307665706940008,1.4255403905058968,-0.9388376250671109,0.2081505709636208,0.9190256894729607,1.1148609357238997,-1.4121729556288065,-0.4308655706174809,-0.7259115867058098,0.20417815672545306,-0.6157373861862414,-1.1172891137785643,2
0.24477415816239012,1.0039390457297668,0.7673582029588863,-0.09730620502905955,-0.6444255105246864,2.6635104216029393,0.8907571107067147,-0.5348639742452521,-0.23370514136272683,0.5271902063428817,-1.172012104613378,0.725539987420672,2
1.1149438979473345,0.36379058090247895,1.782214283518432,0.15683328745503336,-1.6835573701103217,0.5798732032515427,0.5260490018915174,-1.264434280549139,-0.5603060514770505,-0.6320044800059997,-0.39986754975835725,-0.026842879044104342,2
-1.4462791922942297,1.3114190634132974,0.8130233060062878,-0.7287586895638423,0.6059652816961328,0.636553068998248,-1.8017654053812782,0.40225983447764835,1.3850376058497034,-1.1250695771659953,-0.0070264078042949025,-0.36361056058306246,1
-2.1486323524176405,1.4031541159871486,0.16763494905357343,-0.05119594509729289,-0.5952671953321802,0.15814878708101882,0.039401733339773565,0.708355262971401,0.40876080717293617,0.04693840281499363,-0.6023344070850936,-0.8662498453116397,0
1.8050572280096127,0.654648017644521,0.10236587832655943,-1.0412264877116837,0.5246772272065979,-0.1370045644616933,0.021938422526338784,1.4644022331623223,0.5932871068305121,0.38742451693896635,0.3355094139105403,0.5613159124037003,1
1.1079227059919552,-0.5835732046717408,0.6188325761681825,-0.04694046630899071,0.37309614911669103,-0.5644849804035101,-0.46110105311373023,1.8356287746553968,0.6829695563895789,-1.1179337110675254,-0.8602290270385422,0.27991406273924474,0
2.387226271621631,1.0023104750202663,-0.5939401690538679,-0.6989702115274272,0.17950295003169628,0.2389023661801199,-1.4316897420750865,-0.7733324916088627,-0.023457262386480205,0.6801625567451343,-0.024216229109969713,-1.4464446435012797,2
0.15510357546273867,0.156321010095962,-1.668944130097967,1.3312014071571119,-2.645843315804463,-0.05082809486452383,1.1196124282159556,0.663526476229731,0.11852074246903632,-0.9353679772273052,-0.23735607934540456,1.1974038624671102,0
-1.3963871302527355,-0.2983787012012799,1.3271822932314445,-0.179298762548017,-1.5689912470510068,-1.711874681787467,-0.3334386982715671,0.18686844391369636,0.02852567116943755,1.692782751028576,0.014974127906369344,-0.11472776841472403,1
0.12647451639837418,-1.0042061092650338,2.374247319130463,1.3465425582760449,0.6293826938195075,-1.0193083393071787,-0.8776343725967738,1.8604046419369327,-0.6863673513146223,-0.397502858660659,0.865119082512524,0.10118744314262372,0
-0.13026169925257533,-2.4346888528528754,-0.6601873349474606,0.4749246856848176,-0.005896378153659536,-0.43007645975318254,0.40988448109873027,0.5665901844079729,0.17446452687088743,-0.38463164325061616,0.2971097950844055,0.2097821903953992,0
-1.7962112319403516,0.18920721935028062,-0.8025970540269974,1.4084035828482864,-0.4121699950975053,0.943203723904415,-0.20815977973171543,-0.19927674576051546,0.7010619456588111,-0.28953014647207787,0.38643595603965564,-1.0992706261930638,0
-1.2594461325717505,-1.137910640498323,1.235543086972655,-0.3415389945603953,0.4639382884352392,-1.0137931083839922,0.13812143809704328,1.3678656553767852,0.3707188686055014,0.619511418355674,-0.2733933119138103,-0.30448535122053927,1
-0.44806154489278527,-0.0986003906856137,-1.4900372078315152,1.1055341009740833,-1.6106029253296072,0.6101589870424438,0.3486106569000803,0.5027206541994345,0.3966087731150405,-0.9333312144597515,-0.1906126105965412,-0.038944680118900475,0
2.1854978785225723,1.1169302982064417,-1.113609673695842,-0.41458940652435294,0.38579234507314586,-0.19534273133645327,-1.2810147666604348,-1.6369145814405188,-0.9740646868810369,0.4102175828440367,-0.4231291744019077,0.6488716506331883,2
-2.3558144759347885,0.49379439996111313,0.14257001392516558,-0.4446215224757542,0.14024912568090822,-0.001400672541149563,-0.7759235319091989,-0.05941135781668408,0.13456912883432476,0.059716120241678786,-0.9164148984305789,0.03765956388462674,0
1.853326037464187,0.6610126965362497,-1.2616770615978772,0.4995684079101328,-0.36871831748050854,0.6685940515656378,0.07734346102909737,0.14710556184190954,0.6828389938222865,0.13300602772393427,1.4768988822012075,0.28152436195307884,3
-3.1317860130353536,1.596640517368498,0.6315282770438568,0.20594097515447551,0.008174826485658997,-0.08313920462067127,-0.12490886808055181,-0.11361919003963507,0.27825713079741615,0.6506388329366856,-0.12537437746821498,-0.699503550487116,0
-0.18255978346155174,0.46591185179362016,0.6990483458975694,-1.3124461223841486,-0.9682907489435097,-0.30595377932179846,-1.2916026873950373,1.0708925826404998,0.932469917845025,-1.0493850062871404,0.020155402332155924,0.3932621400813007,2
3.2513986954584992,0.14333974016420728,-0.39647355391696076,0.6301799498072845,-0.08654986213504763,-2.222012239278835,-0.04287829193176372,-2.8755177889531196,0.4926559785873709,-0.13008864495806566,-0.873318248389026,-0.0651117949370397,4
2.9112714277604375,-1.6655125238673363,1.1961450183290054,0.2260931733139603,-0.061974295422797025,2.093702551494124,0.5219825711215094,-0.30065104455110503,1.8397384429586858,0.6144412061400261,0.7787396067280002,0.07792722024038248,2
-0.38633383892455886,1.0041733575125658,0.7930577742260443,0.6513922682573274,-0.7974028829093638,-0.7315676253039726,-0.723414457164072,0.2944953638530574,-1.2777458514817865,-0.7728477903341132,0.637548975713625,0.15023780414567667,0
-1.1351974630678288,0.24992346491428488,1.2083038685456027,-0.46048925052530204,0.79532385089687,-1.01627587771373,-0.03659169762239848,1.065946787191592,-0.5542367665196316,-0.6331334873486574,1.044621155253412,0.3485688242803904,0
-1.1630882714887398,0.5322032689208386,0.3568207580171626,1.6589280625391747,-0.4264421964748497,-0.5429480552368285,0.01345208719944094,-0.5813561789017883,-1.2037483554752635,-0.1511447182305312,-0.5633935661664632,0.6555316462206725,0
0.7742746192586278,-0.30438242390336906,1.169891429614154,0.5765199757220189,0.35330346676099517,-0.7593903316766808,-0.1874078798248665,1.6164036423649268,-0.14060928228549566,-1.3540246093889892,0.227255934436906,0.7264447288054251,1
-1.8308909293206193,-1.7083411913638793,-0.8603628160569369,0.489038383359965,-0.062180869245535474,-0.07905359874145453,-1.461654264880329,-0.8661553325936211,-0.7088854577739947,0.4355667113141315,-0.04299292641333305,-0.04110663328696109,0
1.5573386300248822,3.05953586193871,-0.3730335300766225,1.8674570956124936,-0.010674930085808764,0.8242782227098827,0.02865279974471001,-0.5162924352098762,0.3605328209332354,0.20069172015467387,-0.2079954136886938,0.47637483655233154,2
2.77939152203472,0.659527713134122,0.4130517513983129,-0.6703873929502289,0.15529670912341478,-0.8715507916155995,0.0642500225646174,0.7468956340951166,1.5870021376443277,1.1131461662040796,0.12590091923762675,0.922515488097004,2
0.07415370492903285,0.20494850313047808,-1.9859876212713932,0.48454726325504355,-1.3618169762664236,1.430981257676415,0.384623784978174,0.9892291276511733,-0.21263167899482224,0.3015741957671768,0.2692826253609666,0.9445456503074343,1
-3.158240035766241,1.6423763427511617,0.8265088144512365,0.24246476721257992,-0.41086149947887235,-0.239037213758949,0.10580879224811644,0.20905751882514445,0.46295574408806306,0.628999713491444,-0.049455267680634435,0.07217489205271638,0
2.6673432896137506,-0.6256205328239075,2.048343170655661,-0.4727360923020239,-1.3549114311279484,0.7580393395298465,1.7244733990987418,1.0154744300537455,0.6656632179135963,-1.1513637226233557,-0.18207237862684789,-1.888809173737576,3
1.115938051741525,0.36540057514962304,-1.4775692440394976,0.28001767170751596,-0.6426246597623446,1.6170854026513592,-0.9776750517610068,0.887028058336713,-0.3605762029981464,-0.5026416528470363,1.272511473611921,-0.05389176581775222,1
-0.6817849901783081,1.4682331502055568,0.6355532341240736,1.1241371836189107,-0.18400794178773122,-1.036672513444627,-0.6744817465694062,-0.9172072261150455,-2.0423123329210875,-0.12939984061990867,0.9444404985527052,-1.0089969951115318,1
2.622987703892005,-0.05497344995928632,2.1498308645580653,-0.10583172056564039,-2.1982595266632985,0.30182429147149054,0.080385477324147,-1.0553445501085768,0.902826352857553,-0.7700987028098037,-0.6800137662136594,0.632575388906225,2
1.8757042891077582,2.381774790491678,-0.16316277501015697,0.000816316365210823,-1.5066443186491603,0.41322839189588934,0.13476030228520425,1.2896697130324246,0.2780084751407579,0.14908348004415423,0.5308907512623552,0.057318917533816016,3
-1.313325483934355,-1.5146948433615035,-0.14011540704498165,0.8903550846576225,0.20146143725394922,-0.703121452371,0.8631806419557405,-0.07706784404563967,0.3406156790200372,0.2490025673988805,1.0518988708229478,0.4840292418917901,1
-2.601109626698528,1.41284181870602,0.5870923970347931,0.055172533426194915,-0.12927119655078256,0.3542345624324683,-0.327039192393443,0.5365432723052096,1.090835003167113,0.18787553333399912,-0.5916144689057123,-0.5966419674846488,0
